/Users/paolomoriello/Downloads/extracted_25fps/MGAFE0019041--AU.01_12025.jpg;Plan moyen
/Users/paolomoriello/Downloads/extracted_25fps/MGAFE0019041--AU.01_13475.jpg;Plan rapproche
/Users/paolomoriello/Downloads/extracted_25fps/MGAFE0019041--AU.01_4425.jpg;Plan moyen
/Users/paolomoriello/Downloads/extracted_25fps/MGAFE0019041--AU.01_5075.jpg;Unknown
/Users/paolomoriello/Downloads/extracted_25fps/MGAFE0019041--AU.01_1575.jpg;Unknown
/Users/paolomoriello/Downloads/extracted_25fps/MGAFE0019041--AU.01_175.jpg;Unknown
/Users/paolomoriello/Downloads/extracted_25fps/MGAFE0019041--AU.01_1950.jpg;Unknown
/Users/paolomoriello/Downloads/extracted_25fps/MGAFE0019041--AU.01_4800.jpg;Unknown
/Users/paolomoriello/Downloads/extracted_25fps/MGAFE0019041--AU.01_13850.jpg;Plan moyen
/Users/paolomoriello/Downloads/extracted_25fps/MGAFE0019041--AU.01_14050.jpg;Plan moyen
/Users/paolomoriello/Downloads/extracted_25fps/MGAFE0019041--AU.01_10550.jpg;Plan rapproche
/Users/paolomoriello/Downloads/extracted_25fps/MGAFE0019041--AU.01_8800.jpg;Unknown
/Users/paolomoriello/Downloads/extracted_25fps/MGAFE0019041--AU.01_11100.jpg;Unknown
/Users/paolomoriello/Downloads/extracted_25fps/MGAFE0019041--AU.01_6150.jpg;Plan rapproche
/Users/paolomoriello/Downloads/extracted_25fps/MGAFE0019041--AU.01_2450.jpg;Unknown
/Users/paolomoriello/Downloads/extracted_25fps/MGAFE0019041--AU.01_7500.jpg;Unknown
/Users/paolomoriello/Downloads/extracted_25fps/MGAFE0019041--AU.01_3000.jpg;Unknown
/Users/paolomoriello/Downloads/extracted_25fps/MGAFE0019041--AU.01_7925.jpg;Unknown
/Users/paolomoriello/Downloads/extracted_25fps/MGAFE0019041--AU.01_2875.jpg;Unknown
/Users/paolomoriello/Downloads/extracted_25fps/MGAFE0019041--AU.01_9075.jpg;Gros plan
/Users/paolomoriello/Downloads/extracted_25fps/MGAFE0019041--AU.01_10975.jpg;Unknown
/Users/paolomoriello/Downloads/extracted_25fps/MGAFE0019041--AU.01_8425.jpg;Unknown
/Users/paolomoriello/Downloads/extracted_25fps/MGAFE0019041--AU.01_5100.jpg;Unknown
/Users/paolomoriello/Downloads/extracted_25fps/MGAFE0019041--AU.01_1400.jpg;Unknown
/Users/paolomoriello/Downloads/extracted_25fps/MGAFE0019041--AU.01_4550.jpg;Unknown
/Users/paolomoriello/Downloads/extracted_25fps/MGAFE0019041--AU.01_13500.jpg;Plan rapproche
/Users/paolomoriello/Downloads/extracted_25fps/MGAFE0019041--AU.01_12150.jpg;Unknown
/Users/paolomoriello/Downloads/extracted_25fps/MGAFE0019041--AU.01_13925.jpg;Unknown
/Users/paolomoriello/Downloads/extracted_25fps/MGAFE0019041--AU.01_4975.jpg;Unknown
/Users/paolomoriello/Downloads/extracted_25fps/MGAFE0019041--AU.01_1825.jpg;Unknown
/Users/paolomoriello/Downloads/extracted_25fps/MGAFE0019041--AU.01_7475.jpg;Unknown
/Users/paolomoriello/Downloads/extracted_25fps/MGAFE0019041--AU.01_3175.jpg;Unknown
/Users/paolomoriello/Downloads/extracted_25fps/MGAFE0019041--AU.01_6025.jpg;Unknown
/Users/paolomoriello/Downloads/extracted_25fps/MGAFE0019041--AU.01_2525.jpg;Unknown
/Users/paolomoriello/Downloads/extracted_25fps/MGAFE0019041--AU.01_11075.jpg;Unknown
/Users/paolomoriello/Downloads/extracted_25fps/MGAFE0019041--AU.01_8975.jpg;Unknown
/Users/paolomoriello/Downloads/extracted_25fps/MGAFE0019041--AU.01_14125.jpg;Unknown
/Users/paolomoriello/Downloads/extracted_25fps/MGAFE0019041--AU.01_10425.jpg;Unknown
/Users/paolomoriello/Downloads/extracted_25fps/MGAFE0019041--AU.01_8550.jpg;Gros plan
/Users/paolomoriello/Downloads/extracted_25fps/MGAFE0019041--AU.01_10800.jpg;Plan moyen
/Users/paolomoriello/Downloads/extracted_25fps/MGAFE0019041--AU.01_9100.jpg;Unknown
/Users/paolomoriello/Downloads/extracted_25fps/MGAFE0019041--AU.01_2900.jpg;Unknown
/Users/paolomoriello/Downloads/extracted_25fps/MGAFE0019041--AU.01_7850.jpg;Unknown
/Users/paolomoriello/Downloads/extracted_25fps/MGAFE0019041--AU.01_14325.jpg;Gros plan
/Users/paolomoriello/Downloads/extracted_25fps/MGAFE0019041--AU.01_10625.jpg;Unknown
/Users/paolomoriello/Downloads/extracted_25fps/MGAFE0019041--AU.01_11275.jpg;Unknown
/Users/paolomoriello/Downloads/extracted_25fps/MGAFE0019041--AU.01_6225.jpg;Plan moyen
/Users/paolomoriello/Downloads/extracted_25fps/MGAFE0019041--AU.01_2725.jpg;Unknown
/Users/paolomoriello/Downloads/extracted_25fps/MGAFE0019041--AU.01_7675.jpg;Unknown
/Users/paolomoriello/Downloads/extracted_25fps/MGAFE0019041--AU.01_3375.jpg;Unknown
/Users/paolomoriello/Downloads/extracted_25fps/MGAFE0019041--AU.01_9300.jpg;Plan rapproche
/Users/paolomoriello/Downloads/extracted_25fps/MGAFE0019041--AU.01_8750.jpg;Unknown
/Users/paolomoriello/Downloads/extracted_25fps/MGAFE0019041--AU.01_12350.jpg;Unknown
/Users/paolomoriello/Downloads/extracted_25fps/MGAFE0019041--AU.01_13700.jpg;Plan moyen
/Users/paolomoriello/Downloads/extracted_25fps/MGAFE0019041--AU.01_4750.jpg;Unknown
/Users/paolomoriello/Downloads/extracted_25fps/MGAFE0019041--AU.01_5300.jpg;Unknown
/Users/paolomoriello/Downloads/extracted_25fps/MGAFE0019041--AU.01_1600.jpg;Unknown
/Users/paolomoriello/Downloads/extracted_25fps/MGAFE0019041--AU.01_200.jpg;Unknown
/Users/paolomoriello/Downloads/extracted_25fps/MGAFE0019041--AU.01_7700.jpg;Unknown
/Users/paolomoriello/Downloads/extracted_25fps/MGAFE0019041--AU.01_3200.jpg;Unknown
/Users/paolomoriello/Downloads/extracted_25fps/MGAFE0019041--AU.01_6350.jpg;Plan rapproche
/Users/paolomoriello/Downloads/extracted_25fps/MGAFE0019041--AU.01_2650.jpg;Unknown
/Users/paolomoriello/Downloads/extracted_25fps/MGAFE0019041--AU.01_11300.jpg;Unknown
/Users/paolomoriello/Downloads/extracted_25fps/MGAFE0019041--AU.01_14250.jpg;Unknown
/Users/paolomoriello/Downloads/extracted_25fps/MGAFE0019041--AU.01_10750.jpg;Unknown
/Users/paolomoriello/Downloads/extracted_25fps/MGAFE0019041--AU.01_8625.jpg;Unknown
/Users/paolomoriello/Downloads/extracted_25fps/MGAFE0019041--AU.01_9275.jpg;Plan moyen
/Users/paolomoriello/Downloads/extracted_25fps/MGAFE0019041--AU.01_5275.jpg;Unknown
/Users/paolomoriello/Downloads/extracted_25fps/MGAFE0019041--AU.01_1775.jpg;Unknown
/Users/paolomoriello/Downloads/extracted_25fps/MGAFE0019041--AU.01_4625.jpg;Unknown
/Users/paolomoriello/Downloads/extracted_25fps/MGAFE0019041--AU.01_13675.jpg;Plan moyen
/Users/paolomoriello/Downloads/extracted_25fps/MGAFE0019041--AU.01_12225.jpg;Unknown
/Users/paolomoriello/Downloads/extracted_25fps/MGAFE0019041--AU.01_375.jpg;Unknown
/Users/paolomoriello/Downloads/extracted_25fps/MGAFE0019041--AU.01_8225.jpg;Unknown
/Users/paolomoriello/Downloads/extracted_25fps/MGAFE0019041--AU.01_9675.jpg;Unknown
/Users/paolomoriello/Downloads/extracted_25fps/MGAFE0019041--AU.01_11700.jpg;Plan rapproche
/Users/paolomoriello/Downloads/extracted_25fps/MGAFE0019041--AU.01_14650.jpg;Unknown
/Users/paolomoriello/Downloads/extracted_25fps/MGAFE0019041--AU.01_10350.jpg;Plan moyen
/Users/paolomoriello/Downloads/extracted_25fps/MGAFE0019041--AU.01_7300.jpg;Plan moyen
/Users/paolomoriello/Downloads/extracted_25fps/MGAFE0019041--AU.01_3600.jpg;Unknown
/Users/paolomoriello/Downloads/extracted_25fps/MGAFE0019041--AU.01_6750.jpg;Unknown
/Users/paolomoriello/Downloads/extracted_25fps/MGAFE0019041--AU.01_2250.jpg;Unknown
/Users/paolomoriello/Downloads/extracted_25fps/MGAFE0019041--AU.01_775.jpg;Unknown
/Users/paolomoriello/Downloads/extracted_25fps/MGAFE0019041--AU.01_13275.jpg;Plan moyen
/Users/paolomoriello/Downloads/extracted_25fps/MGAFE0019041--AU.01_12625.jpg;Unknown
/Users/paolomoriello/Downloads/extracted_25fps/MGAFE0019041--AU.01_5675.jpg;Unknown
/Users/paolomoriello/Downloads/extracted_25fps/MGAFE0019041--AU.01_1375.jpg;Unknown
/Users/paolomoriello/Downloads/extracted_25fps/MGAFE0019041--AU.01_4225.jpg;Unknown
/Users/paolomoriello/Downloads/extracted_25fps/MGAFE0019041--AU.01_9700.jpg;Unknown
/Users/paolomoriello/Downloads/extracted_25fps/MGAFE0019041--AU.01_8350.jpg;Unknown
/Users/paolomoriello/Downloads/extracted_25fps/MGAFE0019041--AU.01_6625.jpg;Plan moyen
/Users/paolomoriello/Downloads/extracted_25fps/MGAFE0019041--AU.01_2325.jpg;Unknown
/Users/paolomoriello/Downloads/extracted_25fps/MGAFE0019041--AU.01_7275.jpg;Plan moyen
/Users/paolomoriello/Downloads/extracted_25fps/MGAFE0019041--AU.01_3775.jpg;Unknown
/Users/paolomoriello/Downloads/extracted_25fps/MGAFE0019041--AU.01_14725.jpg;Unknown
/Users/paolomoriello/Downloads/extracted_25fps/MGAFE0019041--AU.01_10225.jpg;Unknown
/Users/paolomoriello/Downloads/extracted_25fps/MGAFE0019041--AU.01_11675.jpg;Plan rapproche
/Users/paolomoriello/Downloads/extracted_25fps/MGAFE0019041--AU.01_600.jpg;Unknown
/Users/paolomoriello/Downloads/extracted_25fps/MGAFE0019041--AU.01_4350.jpg;Unknown
/Users/paolomoriello/Downloads/extracted_25fps/MGAFE0019041--AU.01_5700.jpg;Unknown
/Users/paolomoriello/Downloads/extracted_25fps/MGAFE0019041--AU.01_1200.jpg;Plan moyen
/Users/paolomoriello/Downloads/extracted_25fps/MGAFE0019041--AU.01_12750.jpg;Unknown
/Users/paolomoriello/Downloads/extracted_25fps/MGAFE0019041--AU.01_13300.jpg;Plan moyen
/Users/paolomoriello/Downloads/extracted_25fps/MGAFE0019041--AU.01_5925.jpg;Unknown
/Users/paolomoriello/Downloads/extracted_25fps/MGAFE0019041--AU.01_400.jpg;Unknown
/Users/paolomoriello/Downloads/extracted_25fps/MGAFE0019041--AU.01_12975.jpg;Unknown
/Users/paolomoriello/Downloads/extracted_25fps/MGAFE0019041--AU.01_13100.jpg;Unknown
/Users/paolomoriello/Downloads/extracted_25fps/MGAFE0019041--AU.01_12550.jpg;Gros plan
/Users/paolomoriello/Downloads/extracted_25fps/MGAFE0019041--AU.01_5500.jpg;Unknown
/Users/paolomoriello/Downloads/extracted_25fps/MGAFE0019041--AU.01_1000.jpg;Plan moyen
/Users/paolomoriello/Downloads/extracted_25fps/MGAFE0019041--AU.01_825.jpg;Unknown
/Users/paolomoriello/Downloads/extracted_25fps/MGAFE0019041--AU.01_4150.jpg;Unknown
/Users/paolomoriello/Downloads/extracted_25fps/MGAFE0019041--AU.01_6800.jpg;Unknown
/Users/paolomoriello/Downloads/extracted_25fps/MGAFE0019041--AU.01_3950.jpg;Unknown
/Users/paolomoriello/Downloads/extracted_25fps/MGAFE0019041--AU.01_75.jpg;Unknown
/Users/paolomoriello/Downloads/extracted_25fps/MGAFE0019041--AU.01_8150.jpg;Gros plan
/Users/paolomoriello/Downloads/extracted_25fps/MGAFE0019041--AU.01_11850.jpg;Plan moyen
/Users/paolomoriello/Downloads/extracted_25fps/MGAFE0019041--AU.01_9500.jpg;Unknown
/Users/paolomoriello/Downloads/extracted_25fps/MGAFE0019041--AU.01_11475.jpg;Plan moyen
/Users/paolomoriello/Downloads/extracted_25fps/MGAFE0019041--AU.01_9925.jpg;Unknown
/Users/paolomoriello/Downloads/extracted_25fps/MGAFE0019041--AU.01_14525.jpg;Gros plan
/Users/paolomoriello/Downloads/extracted_25fps/MGAFE0019041--AU.01_10025.jpg;Plan rapproche
/Users/paolomoriello/Downloads/extracted_25fps/MGAFE0019041--AU.01_7075.jpg;Plan moyen
/Users/paolomoriello/Downloads/extracted_25fps/MGAFE0019041--AU.01_3575.jpg;Unknown
/Users/paolomoriello/Downloads/extracted_25fps/MGAFE0019041--AU.01_6425.jpg;Plan rapproche
/Users/paolomoriello/Downloads/extracted_25fps/MGAFE0019041--AU.01_2125.jpg;Unknown
/Users/paolomoriello/Downloads/extracted_25fps/MGAFE0019041--AU.01_12800.jpg;Unknown
/Users/paolomoriello/Downloads/extracted_25fps/MGAFE0019041--AU.01_575.jpg;Plan moyen
/Users/paolomoriello/Downloads/extracted_25fps/MGAFE0019041--AU.01_5850.jpg;Unknown
/Users/paolomoriello/Downloads/extracted_25fps/MGAFE0019041--AU.01_4025.jpg;Unknown
/Users/paolomoriello/Downloads/extracted_25fps/MGAFE0019041--AU.01_950.jpg;Unknown
/Users/paolomoriello/Downloads/extracted_25fps/MGAFE0019041--AU.01_5475.jpg;Unknown
/Users/paolomoriello/Downloads/extracted_25fps/MGAFE0019041--AU.01_1175.jpg;Plan moyen
/Users/paolomoriello/Downloads/extracted_25fps/MGAFE0019041--AU.01_12425.jpg;Plan moyen
/Users/paolomoriello/Downloads/extracted_25fps/MGAFE0019041--AU.01_13075.jpg;Unknown
/Users/paolomoriello/Downloads/extracted_25fps/MGAFE0019041--AU.01_9475.jpg;Unknown
/Users/paolomoriello/Downloads/extracted_25fps/MGAFE0019041--AU.01_11925.jpg;Unknown
/Users/paolomoriello/Downloads/extracted_25fps/MGAFE0019041--AU.01_8025.jpg;Plan moyen
/Users/paolomoriello/Downloads/extracted_25fps/MGAFE0019041--AU.01_3825.jpg;Unknown
/Users/paolomoriello/Downloads/extracted_25fps/MGAFE0019041--AU.01_6975.jpg;Unknown
/Users/paolomoriello/Downloads/extracted_25fps/MGAFE0019041--AU.01_6550.jpg;Unknown
/Users/paolomoriello/Downloads/extracted_25fps/MGAFE0019041--AU.01_2050.jpg;Unknown
/Users/paolomoriello/Downloads/extracted_25fps/MGAFE0019041--AU.01_7100.jpg;Plan moyen
/Users/paolomoriello/Downloads/extracted_25fps/MGAFE0019041--AU.01_3400.jpg;Unknown
/Users/paolomoriello/Downloads/extracted_25fps/MGAFE0019041--AU.01_14450.jpg;Gros plan
/Users/paolomoriello/Downloads/extracted_25fps/MGAFE0019041--AU.01_10150.jpg;Unknown
/Users/paolomoriello/Downloads/extracted_25fps/MGAFE0019041--AU.01_9850.jpg;Unknown
/Users/paolomoriello/Downloads/extracted_25fps/MGAFE0019041--AU.01_11500.jpg;Unknown
/Users/paolomoriello/Downloads/extracted_25fps/MGAFE0019041--AU.01_300.jpg;Unknown
/Users/paolomoriello/Downloads/extracted_25fps/MGAFE0019041--AU.01_12250.jpg;Plan moyen
/Users/paolomoriello/Downloads/extracted_25fps/MGAFE0019041--AU.01_13600.jpg;Gros plan
/Users/paolomoriello/Downloads/extracted_25fps/MGAFE0019041--AU.01_4650.jpg;Unknown
/Users/paolomoriello/Downloads/extracted_25fps/MGAFE0019041--AU.01_1700.jpg;Unknown
/Users/paolomoriello/Downloads/extracted_25fps/MGAFE0019041--AU.01_5200.jpg;Unknown
/Users/paolomoriello/Downloads/extracted_25fps/MGAFE0019041--AU.01_9200.jpg;Plan moyen
/Users/paolomoriello/Downloads/extracted_25fps/MGAFE0019041--AU.01_8650.jpg;Unknown
/Users/paolomoriello/Downloads/extracted_25fps/MGAFE0019041--AU.01_10725.jpg;Plan rapproche
/Users/paolomoriello/Downloads/extracted_25fps/MGAFE0019041--AU.01_14225.jpg;Unknown
/Users/paolomoriello/Downloads/extracted_25fps/MGAFE0019041--AU.01_11375.jpg;Unknown
/Users/paolomoriello/Downloads/extracted_25fps/MGAFE0019041--AU.01_2625.jpg;Unknown
/Users/paolomoriello/Downloads/extracted_25fps/MGAFE0019041--AU.01_6325.jpg;Plan moyen
/Users/paolomoriello/Downloads/extracted_25fps/MGAFE0019041--AU.01_3275.jpg;Unknown
/Users/paolomoriello/Downloads/extracted_25fps/MGAFE0019041--AU.01_7775.jpg;Plan moyen
/Users/paolomoriello/Downloads/extracted_25fps/MGAFE0019041--AU.01_275.jpg;Unknown
/Users/paolomoriello/Downloads/extracted_25fps/MGAFE0019041--AU.01_1675.jpg;Unknown
/Users/paolomoriello/Downloads/extracted_25fps/MGAFE0019041--AU.01_5375.jpg;Unknown
/Users/paolomoriello/Downloads/extracted_25fps/MGAFE0019041--AU.01_4725.jpg;Unknown
/Users/paolomoriello/Downloads/extracted_25fps/MGAFE0019041--AU.01_13775.jpg;Plan moyen
/Users/paolomoriello/Downloads/extracted_25fps/MGAFE0019041--AU.01_12325.jpg;Plan rapproche
/Users/paolomoriello/Downloads/extracted_25fps/MGAFE0019041--AU.01_8725.jpg;Unknown
/Users/paolomoriello/Downloads/extracted_25fps/MGAFE0019041--AU.01_9375.jpg;Plan rapproche
/Users/paolomoriello/Downloads/extracted_25fps/MGAFE0019041--AU.01_3300.jpg;Unknown
/Users/paolomoriello/Downloads/extracted_25fps/MGAFE0019041--AU.01_7600.jpg;Unknown
/Users/paolomoriello/Downloads/extracted_25fps/MGAFE0019041--AU.01_2750.jpg;Unknown
/Users/paolomoriello/Downloads/extracted_25fps/MGAFE0019041--AU.01_6250.jpg;Plan moyen
/Users/paolomoriello/Downloads/extracted_25fps/MGAFE0019041--AU.01_11200.jpg;Unknown
/Users/paolomoriello/Downloads/extracted_25fps/MGAFE0019041--AU.01_10650.jpg;Plan moyen
/Users/paolomoriello/Downloads/extracted_25fps/MGAFE0019041--AU.01_14350.jpg;Plan moyen
/Users/paolomoriello/Downloads/extracted_25fps/MGAFE0019041--AU.01_7825.jpg;Gros plan
/Users/paolomoriello/Downloads/extracted_25fps/MGAFE0019041--AU.01_2975.jpg;Unknown
/Users/paolomoriello/Downloads/extracted_25fps/MGAFE0019041--AU.01_9175.jpg;Unknown
/Users/paolomoriello/Downloads/extracted_25fps/MGAFE0019041--AU.01_10875.jpg;Plan moyen
/Users/paolomoriello/Downloads/extracted_25fps/MGAFE0019041--AU.01_8525.jpg;Gros plan
/Users/paolomoriello/Downloads/extracted_25fps/MGAFE0019041--AU.01_10450.jpg;Unknown
/Users/paolomoriello/Downloads/extracted_25fps/MGAFE0019041--AU.01_14150.jpg;Gros plan
/Users/paolomoriello/Downloads/extracted_25fps/MGAFE0019041--AU.01_8900.jpg;Unknown
/Users/paolomoriello/Downloads/extracted_25fps/MGAFE0019041--AU.01_11000.jpg;Unknown
/Users/paolomoriello/Downloads/extracted_25fps/MGAFE0019041--AU.01_2550.jpg;Unknown
/Users/paolomoriello/Downloads/extracted_25fps/MGAFE0019041--AU.01_6050.jpg;Unknown
/Users/paolomoriello/Downloads/extracted_25fps/MGAFE0019041--AU.01_3100.jpg;Unknown
/Users/paolomoriello/Downloads/extracted_25fps/MGAFE0019041--AU.01_7400.jpg;Unknown
/Users/paolomoriello/Downloads/extracted_25fps/MGAFE0019041--AU.01_1850.jpg;Unknown
/Users/paolomoriello/Downloads/extracted_25fps/MGAFE0019041--AU.01_4900.jpg;Unknown
/Users/paolomoriello/Downloads/extracted_25fps/MGAFE0019041--AU.01_13950.jpg;Gros plan
/Users/paolomoriello/Downloads/extracted_25fps/MGAFE0019041--AU.01_12125.jpg;Unknown
/Users/paolomoriello/Downloads/extracted_25fps/MGAFE0019041--AU.01_13575.jpg;Gros plan
/Users/paolomoriello/Downloads/extracted_25fps/MGAFE0019041--AU.01_4525.jpg;Unknown
/Users/paolomoriello/Downloads/extracted_25fps/MGAFE0019041--AU.01_1475.jpg;Unknown
/Users/paolomoriello/Downloads/extracted_25fps/MGAFE0019041--AU.01_5175.jpg;Unknown
/Users/paolomoriello/Downloads/extracted_25fps/MGAFE0019041--AU.01_8450.jpg;Unknown
/Users/paolomoriello/Downloads/extracted_25fps/MGAFE0019041--AU.01_10900.jpg;Plan moyen
/Users/paolomoriello/Downloads/extracted_25fps/MGAFE0019041--AU.01_9000.jpg;Unknown
/Users/paolomoriello/Downloads/extracted_25fps/MGAFE0019041--AU.01_2800.jpg;Unknown
/Users/paolomoriello/Downloads/extracted_25fps/MGAFE0019041--AU.01_7950.jpg;Unknown
/Users/paolomoriello/Downloads/extracted_25fps/MGAFE0019041--AU.01_3075.jpg;Unknown
/Users/paolomoriello/Downloads/extracted_25fps/MGAFE0019041--AU.01_7575.jpg;Unknown
/Users/paolomoriello/Downloads/extracted_25fps/MGAFE0019041--AU.01_2425.jpg;Unknown
/Users/paolomoriello/Downloads/extracted_25fps/MGAFE0019041--AU.01_6125.jpg;Plan moyen
/Users/paolomoriello/Downloads/extracted_25fps/MGAFE0019041--AU.01_11175.jpg;Unknown
/Users/paolomoriello/Downloads/extracted_25fps/MGAFE0019041--AU.01_8875.jpg;Unknown
/Users/paolomoriello/Downloads/extracted_25fps/MGAFE0019041--AU.01_10525.jpg;Plan rapproche
/Users/paolomoriello/Downloads/extracted_25fps/MGAFE0019041--AU.01_14025.jpg;Plan moyen
/Users/paolomoriello/Downloads/extracted_25fps/MGAFE0019041--AU.01_13825.jpg;Plan moyen
/Users/paolomoriello/Downloads/extracted_25fps/MGAFE0019041--AU.01_4875.jpg;Unknown
/Users/paolomoriello/Downloads/extracted_25fps/MGAFE0019041--AU.01_1925.jpg;Unknown
/Users/paolomoriello/Downloads/extracted_25fps/MGAFE0019041--AU.01_100.jpg;Unknown
/Users/paolomoriello/Downloads/extracted_25fps/MGAFE0019041--AU.01_1500.jpg;Unknown
/Users/paolomoriello/Downloads/extracted_25fps/MGAFE0019041--AU.01_5000.jpg;Unknown
/Users/paolomoriello/Downloads/extracted_25fps/MGAFE0019041--AU.01_4450.jpg;Unknown
/Users/paolomoriello/Downloads/extracted_25fps/MGAFE0019041--AU.01_13400.jpg;Unknown
/Users/paolomoriello/Downloads/extracted_25fps/MGAFE0019041--AU.01_12050.jpg;Plan rapproche
/Users/paolomoriello/Downloads/extracted_25fps/MGAFE0019041--AU.01_11575.jpg;Unknown
/Users/paolomoriello/Downloads/extracted_25fps/MGAFE0019041--AU.01_9825.jpg;Unknown
/Users/paolomoriello/Downloads/extracted_25fps/MGAFE0019041--AU.01_10125.jpg;Unknown
/Users/paolomoriello/Downloads/extracted_25fps/MGAFE0019041--AU.01_14425.jpg;Gros plan
/Users/paolomoriello/Downloads/extracted_25fps/MGAFE0019041--AU.01_3475.jpg;Unknown
/Users/paolomoriello/Downloads/extracted_25fps/MGAFE0019041--AU.01_7175.jpg;Plan rapproche
/Users/paolomoriello/Downloads/extracted_25fps/MGAFE0019041--AU.01_2025.jpg;Unknown
/Users/paolomoriello/Downloads/extracted_25fps/MGAFE0019041--AU.01_6525.jpg;Unknown
/Users/paolomoriello/Downloads/extracted_25fps/MGAFE0019041--AU.01_6900.jpg;Unknown
/Users/paolomoriello/Downloads/extracted_25fps/MGAFE0019041--AU.01_3850.jpg;Unknown
/Users/paolomoriello/Downloads/extracted_25fps/MGAFE0019041--AU.01_8050.jpg;Unknown
/Users/paolomoriello/Downloads/extracted_25fps/MGAFE0019041--AU.01_11950.jpg;Unknown
/Users/paolomoriello/Downloads/extracted_25fps/MGAFE0019041--AU.01_9400.jpg;Plan moyen
/Users/paolomoriello/Downloads/extracted_25fps/MGAFE0019041--AU.01_13000.jpg;Unknown
/Users/paolomoriello/Downloads/extracted_25fps/MGAFE0019041--AU.01_12450.jpg;Plan moyen
/Users/paolomoriello/Downloads/extracted_25fps/MGAFE0019041--AU.01_1100.jpg;Unknown
/Users/paolomoriello/Downloads/extracted_25fps/MGAFE0019041--AU.01_5400.jpg;Unknown
/Users/paolomoriello/Downloads/extracted_25fps/MGAFE0019041--AU.01_925.jpg;Unknown
/Users/paolomoriello/Downloads/extracted_25fps/MGAFE0019041--AU.01_4050.jpg;Unknown
/Users/paolomoriello/Downloads/extracted_25fps/MGAFE0019041--AU.01_5825.jpg;Unknown
/Users/paolomoriello/Downloads/extracted_25fps/MGAFE0019041--AU.01_500.jpg;Plan moyen
/Users/paolomoriello/Downloads/extracted_25fps/MGAFE0019041--AU.01_12875.jpg;Unknown
/Users/paolomoriello/Downloads/extracted_25fps/MGAFE0019041--AU.01_2150.jpg;Unknown
/Users/paolomoriello/Downloads/extracted_25fps/MGAFE0019041--AU.01_6450.jpg;Unknown
/Users/paolomoriello/Downloads/extracted_25fps/MGAFE0019041--AU.01_3500.jpg;Unknown
/Users/paolomoriello/Downloads/extracted_25fps/MGAFE0019041--AU.01_7000.jpg;Unknown
/Users/paolomoriello/Downloads/extracted_25fps/MGAFE0019041--AU.01_10050.jpg;Plan rapproche
/Users/paolomoriello/Downloads/extracted_25fps/MGAFE0019041--AU.01_14550.jpg;Gros plan
/Users/paolomoriello/Downloads/extracted_25fps/MGAFE0019041--AU.01_9950.jpg;Unknown
/Users/paolomoriello/Downloads/extracted_25fps/MGAFE0019041--AU.01_11400.jpg;Unknown
/Users/paolomoriello/Downloads/extracted_25fps/MGAFE0019041--AU.01_9575.jpg;Unknown
/Users/paolomoriello/Downloads/extracted_25fps/MGAFE0019041--AU.01_11825.jpg;Gros plan
/Users/paolomoriello/Downloads/extracted_25fps/MGAFE0019041--AU.01_8125.jpg;Gros plan
/Users/paolomoriello/Downloads/extracted_25fps/MGAFE0019041--AU.01_3925.jpg;Unknown
/Users/paolomoriello/Downloads/extracted_25fps/MGAFE0019041--AU.01_6875.jpg;Plan moyen
/Users/paolomoriello/Downloads/extracted_25fps/MGAFE0019041--AU.01_4125.jpg;Unknown
/Users/paolomoriello/Downloads/extracted_25fps/MGAFE0019041--AU.01_850.jpg;Unknown
/Users/paolomoriello/Downloads/extracted_25fps/MGAFE0019041--AU.01_1075.jpg;Plan moyen
/Users/paolomoriello/Downloads/extracted_25fps/MGAFE0019041--AU.01_5575.jpg;Unknown
/Users/paolomoriello/Downloads/extracted_25fps/MGAFE0019041--AU.01_12525.jpg;Gros plan
/Users/paolomoriello/Downloads/extracted_25fps/MGAFE0019041--AU.01_13175.jpg;Unknown
/Users/paolomoriello/Downloads/extracted_25fps/MGAFE0019041--AU.01_12900.jpg;Unknown
/Users/paolomoriello/Downloads/extracted_25fps/MGAFE0019041--AU.01_475.jpg;Plan rapproche
/Users/paolomoriello/Downloads/extracted_25fps/MGAFE0019041--AU.01_5950.jpg;Unknown
/Users/paolomoriello/Downloads/extracted_25fps/MGAFE0019041--AU.01_13375.jpg;Plan moyen
/Users/paolomoriello/Downloads/extracted_25fps/MGAFE0019041--AU.01_12725.jpg;Plan moyen
/Users/paolomoriello/Downloads/extracted_25fps/MGAFE0019041--AU.01_1275.jpg;Plan moyen
/Users/paolomoriello/Downloads/extracted_25fps/MGAFE0019041--AU.01_5775.jpg;Unknown
/Users/paolomoriello/Downloads/extracted_25fps/MGAFE0019041--AU.01_4325.jpg;Unknown
/Users/paolomoriello/Downloads/extracted_25fps/MGAFE0019041--AU.01_675.jpg;Unknown
/Users/paolomoriello/Downloads/extracted_25fps/MGAFE0019041--AU.01_11600.jpg;Unknown
/Users/paolomoriello/Downloads/extracted_25fps/MGAFE0019041--AU.01_10250.jpg;Unknown
/Users/paolomoriello/Downloads/extracted_25fps/MGAFE0019041--AU.01_14750.jpg;Unknown
/Users/paolomoriello/Downloads/extracted_25fps/MGAFE0019041--AU.01_3700.jpg;Unknown
/Users/paolomoriello/Downloads/extracted_25fps/MGAFE0019041--AU.01_7200.jpg;Plan rapproche
/Users/paolomoriello/Downloads/extracted_25fps/MGAFE0019041--AU.01_2350.jpg;Unknown
/Users/paolomoriello/Downloads/extracted_25fps/MGAFE0019041--AU.01_6650.jpg;Plan moyen
/Users/paolomoriello/Downloads/extracted_25fps/MGAFE0019041--AU.01_8325.jpg;Unknown
/Users/paolomoriello/Downloads/extracted_25fps/MGAFE0019041--AU.01_9775.jpg;Unknown
/Users/paolomoriello/Downloads/extracted_25fps/MGAFE0019041--AU.01_4250.jpg;Unknown
/Users/paolomoriello/Downloads/extracted_25fps/MGAFE0019041--AU.01_1300.jpg;Unknown
/Users/paolomoriello/Downloads/extracted_25fps/MGAFE0019041--AU.01_5600.jpg;Unknown
/Users/paolomoriello/Downloads/extracted_25fps/MGAFE0019041--AU.01_12650.jpg;Unknown
/Users/paolomoriello/Downloads/extracted_25fps/MGAFE0019041--AU.01_13200.jpg;Unknown
/Users/paolomoriello/Downloads/extracted_25fps/MGAFE0019041--AU.01_700.jpg;Unknown
/Users/paolomoriello/Downloads/extracted_25fps/MGAFE0019041--AU.01_2225.jpg;Unknown
/Users/paolomoriello/Downloads/extracted_25fps/MGAFE0019041--AU.01_6725.jpg;Unknown
/Users/paolomoriello/Downloads/extracted_25fps/MGAFE0019041--AU.01_3675.jpg;Unknown
/Users/paolomoriello/Downloads/extracted_25fps/MGAFE0019041--AU.01_7375.jpg;Plan rapproche
/Users/paolomoriello/Downloads/extracted_25fps/MGAFE0019041--AU.01_10325.jpg;Unknown
/Users/paolomoriello/Downloads/extracted_25fps/MGAFE0019041--AU.01_14625.jpg;Unknown
/Users/paolomoriello/Downloads/extracted_25fps/MGAFE0019041--AU.01_11775.jpg;Plan moyen
/Users/paolomoriello/Downloads/extracted_25fps/MGAFE0019041--AU.01_9600.jpg;Unknown
/Users/paolomoriello/Downloads/extracted_25fps/MGAFE0019041--AU.01_8250.jpg;Unknown
/Users/paolomoriello/Downloads/extracted_25fps/MGAFE0019041--AU.01_9625.jpg;Unknown
/Users/paolomoriello/Downloads/extracted_25fps/MGAFE0019041--AU.01_8275.jpg;Unknown
/Users/paolomoriello/Downloads/extracted_25fps/MGAFE0019041--AU.01_14600.jpg;Unknown
/Users/paolomoriello/Downloads/extracted_25fps/MGAFE0019041--AU.01_10300.jpg;Plan rapproche
/Users/paolomoriello/Downloads/extracted_25fps/MGAFE0019041--AU.01_11750.jpg;Plan moyen
/Users/paolomoriello/Downloads/extracted_25fps/MGAFE0019041--AU.01_6700.jpg;Unknown
/Users/paolomoriello/Downloads/extracted_25fps/MGAFE0019041--AU.01_2200.jpg;Unknown
/Users/paolomoriello/Downloads/extracted_25fps/MGAFE0019041--AU.01_7350.jpg;Plan moyen
/Users/paolomoriello/Downloads/extracted_25fps/MGAFE0019041--AU.01_3650.jpg;Unknown
/Users/paolomoriello/Downloads/extracted_25fps/MGAFE0019041--AU.01_725.jpg;Unknown
/Users/paolomoriello/Downloads/extracted_25fps/MGAFE0019041--AU.01_12675.jpg;Plan moyen
/Users/paolomoriello/Downloads/extracted_25fps/MGAFE0019041--AU.01_13225.jpg;Unknown
/Users/paolomoriello/Downloads/extracted_25fps/MGAFE0019041--AU.01_4275.jpg;Unknown
/Users/paolomoriello/Downloads/extracted_25fps/MGAFE0019041--AU.01_5625.jpg;Unknown
/Users/paolomoriello/Downloads/extracted_25fps/MGAFE0019041--AU.01_1325.jpg;Unknown
/Users/paolomoriello/Downloads/extracted_25fps/MGAFE0019041--AU.01_8300.jpg;Unknown
/Users/paolomoriello/Downloads/extracted_25fps/MGAFE0019041--AU.01_9750.jpg;Gros plan
/Users/paolomoriello/Downloads/extracted_25fps/MGAFE0019041--AU.01_7225.jpg;Plan rapproche
/Users/paolomoriello/Downloads/extracted_25fps/MGAFE0019041--AU.01_3725.jpg;Unknown
/Users/paolomoriello/Downloads/extracted_25fps/MGAFE0019041--AU.01_6675.jpg;Unknown
/Users/paolomoriello/Downloads/extracted_25fps/MGAFE0019041--AU.01_2375.jpg;Unknown
/Users/paolomoriello/Downloads/extracted_25fps/MGAFE0019041--AU.01_11625.jpg;Plan moyen
/Users/paolomoriello/Downloads/extracted_25fps/MGAFE0019041--AU.01_14775.jpg;Unknown
/Users/paolomoriello/Downloads/extracted_25fps/MGAFE0019041--AU.01_10275.jpg;Unknown
/Users/paolomoriello/Downloads/extracted_25fps/MGAFE0019041--AU.01_650.jpg;Unknown
/Users/paolomoriello/Downloads/extracted_25fps/MGAFE0019041--AU.01_5750.jpg;Unknown
/Users/paolomoriello/Downloads/extracted_25fps/MGAFE0019041--AU.01_1250.jpg;Plan moyen
/Users/paolomoriello/Downloads/extracted_25fps/MGAFE0019041--AU.01_4300.jpg;Unknown
/Users/paolomoriello/Downloads/extracted_25fps/MGAFE0019041--AU.01_13350.jpg;Plan moyen
/Users/paolomoriello/Downloads/extracted_25fps/MGAFE0019041--AU.01_12700.jpg;Unknown
/Users/paolomoriello/Downloads/extracted_25fps/MGAFE0019041--AU.01_5975.jpg;Unknown
/Users/paolomoriello/Downloads/extracted_25fps/MGAFE0019041--AU.01_450.jpg;Unknown
/Users/paolomoriello/Downloads/extracted_25fps/MGAFE0019041--AU.01_12925.jpg;Unknown
/Users/paolomoriello/Downloads/extracted_25fps/MGAFE0019041--AU.01_12500.jpg;Gros plan
/Users/paolomoriello/Downloads/extracted_25fps/MGAFE0019041--AU.01_13150.jpg;Unknown
/Users/paolomoriello/Downloads/extracted_25fps/MGAFE0019041--AU.01_4100.jpg;Unknown
/Users/paolomoriello/Downloads/extracted_25fps/MGAFE0019041--AU.01_5550.jpg;Unknown
/Users/paolomoriello/Downloads/extracted_25fps/MGAFE0019041--AU.01_1050.jpg;Plan moyen
/Users/paolomoriello/Downloads/extracted_25fps/MGAFE0019041--AU.01_875.jpg;Unknown
/Users/paolomoriello/Downloads/extracted_25fps/MGAFE0019041--AU.01_25.jpg;Unknown
/Users/paolomoriello/Downloads/extracted_25fps/MGAFE0019041--AU.01_3900.jpg;Unknown
/Users/paolomoriello/Downloads/extracted_25fps/MGAFE0019041--AU.01_6850.jpg;Unknown
/Users/paolomoriello/Downloads/extracted_25fps/MGAFE0019041--AU.01_11800.jpg;Plan moyen
/Users/paolomoriello/Downloads/extracted_25fps/MGAFE0019041--AU.01_9550.jpg;Unknown
/Users/paolomoriello/Downloads/extracted_25fps/MGAFE0019041--AU.01_8100.jpg;Unknown
/Users/paolomoriello/Downloads/extracted_25fps/MGAFE0019041--AU.01_14575.jpg;Plan rapproche
/Users/paolomoriello/Downloads/extracted_25fps/MGAFE0019041--AU.01_10075.jpg;Plan rapproche
/Users/paolomoriello/Downloads/extracted_25fps/MGAFE0019041--AU.01_11425.jpg;Plan moyen
/Users/paolomoriello/Downloads/extracted_25fps/MGAFE0019041--AU.01_9975.jpg;Unknown
/Users/paolomoriello/Downloads/extracted_25fps/MGAFE0019041--AU.01_6475.jpg;Unknown
/Users/paolomoriello/Downloads/extracted_25fps/MGAFE0019041--AU.01_2175.jpg;Unknown
/Users/paolomoriello/Downloads/extracted_25fps/MGAFE0019041--AU.01_7025.jpg;Plan moyen
/Users/paolomoriello/Downloads/extracted_25fps/MGAFE0019041--AU.01_3525.jpg;Unknown
/Users/paolomoriello/Downloads/extracted_25fps/MGAFE0019041--AU.01_12850.jpg;Unknown
/Users/paolomoriello/Downloads/extracted_25fps/MGAFE0019041--AU.01_525.jpg;Plan moyen
/Users/paolomoriello/Downloads/extracted_25fps/MGAFE0019041--AU.01_5800.jpg;Unknown
/Users/paolomoriello/Downloads/extracted_25fps/MGAFE0019041--AU.01_900.jpg;Unknown
/Users/paolomoriello/Downloads/extracted_25fps/MGAFE0019041--AU.01_5425.jpg;Unknown
/Users/paolomoriello/Downloads/extracted_25fps/MGAFE0019041--AU.01_1125.jpg;Plan moyen
/Users/paolomoriello/Downloads/extracted_25fps/MGAFE0019041--AU.01_4075.jpg;Unknown
/Users/paolomoriello/Downloads/extracted_25fps/MGAFE0019041--AU.01_13025.jpg;Unknown
/Users/paolomoriello/Downloads/extracted_25fps/MGAFE0019041--AU.01_12475.jpg;Unknown
/Users/paolomoriello/Downloads/extracted_25fps/MGAFE0019041--AU.01_8075.jpg;Unknown
/Users/paolomoriello/Downloads/extracted_25fps/MGAFE0019041--AU.01_9425.jpg;Unknown
/Users/paolomoriello/Downloads/extracted_25fps/MGAFE0019041--AU.01_11975.jpg;Unknown
/Users/paolomoriello/Downloads/extracted_25fps/MGAFE0019041--AU.01_6925.jpg;Unknown
/Users/paolomoriello/Downloads/extracted_25fps/MGAFE0019041--AU.01_3875.jpg;Unknown
/Users/paolomoriello/Downloads/extracted_25fps/MGAFE0019041--AU.01_7150.jpg;Unknown
/Users/paolomoriello/Downloads/extracted_25fps/MGAFE0019041--AU.01_3450.jpg;Unknown
/Users/paolomoriello/Downloads/extracted_25fps/MGAFE0019041--AU.01_6500.jpg;Unknown
/Users/paolomoriello/Downloads/extracted_25fps/MGAFE0019041--AU.01_2000.jpg;Unknown
/Users/paolomoriello/Downloads/extracted_25fps/MGAFE0019041--AU.01_9800.jpg;Unknown
/Users/paolomoriello/Downloads/extracted_25fps/MGAFE0019041--AU.01_11550.jpg;Unknown
/Users/paolomoriello/Downloads/extracted_25fps/MGAFE0019041--AU.01_14400.jpg;Gros plan
/Users/paolomoriello/Downloads/extracted_25fps/MGAFE0019041--AU.01_10100.jpg;Unknown
/Users/paolomoriello/Downloads/extracted_25fps/MGAFE0019041--AU.01_13425.jpg;Unknown
/Users/paolomoriello/Downloads/extracted_25fps/MGAFE0019041--AU.01_12075.jpg;Plan rapproche
/Users/paolomoriello/Downloads/extracted_25fps/MGAFE0019041--AU.01_5025.jpg;Plan rapproche
/Users/paolomoriello/Downloads/extracted_25fps/MGAFE0019041--AU.01_1525.jpg;Unknown
/Users/paolomoriello/Downloads/extracted_25fps/MGAFE0019041--AU.01_4475.jpg;Unknown
/Users/paolomoriello/Downloads/extracted_25fps/MGAFE0019041--AU.01_4850.jpg;Unknown
/Users/paolomoriello/Downloads/extracted_25fps/MGAFE0019041--AU.01_125.jpg;Unknown
/Users/paolomoriello/Downloads/extracted_25fps/MGAFE0019041--AU.01_1900.jpg;Unknown
/Users/paolomoriello/Downloads/extracted_25fps/MGAFE0019041--AU.01_13800.jpg;Gros plan
/Users/paolomoriello/Downloads/extracted_25fps/MGAFE0019041--AU.01_11150.jpg;Unknown
/Users/paolomoriello/Downloads/extracted_25fps/MGAFE0019041--AU.01_14000.jpg;Gros plan
/Users/paolomoriello/Downloads/extracted_25fps/MGAFE0019041--AU.01_10500.jpg;Plan rapproche
/Users/paolomoriello/Downloads/extracted_25fps/MGAFE0019041--AU.01_8850.jpg;Unknown
/Users/paolomoriello/Downloads/extracted_25fps/MGAFE0019041--AU.01_7550.jpg;Unknown
/Users/paolomoriello/Downloads/extracted_25fps/MGAFE0019041--AU.01_3050.jpg;Unknown
/Users/paolomoriello/Downloads/extracted_25fps/MGAFE0019041--AU.01_6100.jpg;Unknown
/Users/paolomoriello/Downloads/extracted_25fps/MGAFE0019041--AU.01_2400.jpg;Unknown
/Users/paolomoriello/Downloads/extracted_25fps/MGAFE0019041--AU.01_2825.jpg;Unknown
/Users/paolomoriello/Downloads/extracted_25fps/MGAFE0019041--AU.01_7975.jpg;Plan moyen
/Users/paolomoriello/Downloads/extracted_25fps/MGAFE0019041--AU.01_10925.jpg;Unknown
/Users/paolomoriello/Downloads/extracted_25fps/MGAFE0019041--AU.01_8475.jpg;Plan moyen
/Users/paolomoriello/Downloads/extracted_25fps/MGAFE0019041--AU.01_9025.jpg;Unknown
/Users/paolomoriello/Downloads/extracted_25fps/MGAFE0019041--AU.01_4500.jpg;Unknown
/Users/paolomoriello/Downloads/extracted_25fps/MGAFE0019041--AU.01_5150.jpg;Unknown
/Users/paolomoriello/Downloads/extracted_25fps/MGAFE0019041--AU.01_1450.jpg;Unknown
/Users/paolomoriello/Downloads/extracted_25fps/MGAFE0019041--AU.01_12100.jpg;Unknown
/Users/paolomoriello/Downloads/extracted_25fps/MGAFE0019041--AU.01_13550.jpg;Gros plan
/Users/paolomoriello/Downloads/extracted_25fps/MGAFE0019041--AU.01_13975.jpg;Gros plan
/Users/paolomoriello/Downloads/extracted_25fps/MGAFE0019041--AU.01_1875.jpg;Unknown
/Users/paolomoriello/Downloads/extracted_25fps/MGAFE0019041--AU.01_4925.jpg;Unknown
/Users/paolomoriello/Downloads/extracted_25fps/MGAFE0019041--AU.01_6075.jpg;Unknown
/Users/paolomoriello/Downloads/extracted_25fps/MGAFE0019041--AU.01_2575.jpg;Unknown
/Users/paolomoriello/Downloads/extracted_25fps/MGAFE0019041--AU.01_7425.jpg;Unknown
/Users/paolomoriello/Downloads/extracted_25fps/MGAFE0019041--AU.01_3125.jpg;Unknown
/Users/paolomoriello/Downloads/extracted_25fps/MGAFE0019041--AU.01_8925.jpg;Unknown
/Users/paolomoriello/Downloads/extracted_25fps/MGAFE0019041--AU.01_14175.jpg;Plan moyen
/Users/paolomoriello/Downloads/extracted_25fps/MGAFE0019041--AU.01_10475.jpg;Unknown
/Users/paolomoriello/Downloads/extracted_25fps/MGAFE0019041--AU.01_11025.jpg;Unknown
/Users/paolomoriello/Downloads/extracted_25fps/MGAFE0019041--AU.01_9150.jpg;Unknown
/Users/paolomoriello/Downloads/extracted_25fps/MGAFE0019041--AU.01_8500.jpg;Unknown
/Users/paolomoriello/Downloads/extracted_25fps/MGAFE0019041--AU.01_10850.jpg;Plan rapproche
/Users/paolomoriello/Downloads/extracted_25fps/MGAFE0019041--AU.01_7800.jpg;Gros plan
/Users/paolomoriello/Downloads/extracted_25fps/MGAFE0019041--AU.01_2950.jpg;Unknown
/Users/paolomoriello/Downloads/extracted_25fps/MGAFE0019041--AU.01_11225.jpg;Unknown
/Users/paolomoriello/Downloads/extracted_25fps/MGAFE0019041--AU.01_14375.jpg;Plan moyen
/Users/paolomoriello/Downloads/extracted_25fps/MGAFE0019041--AU.01_10675.jpg;Plan moyen
/Users/paolomoriello/Downloads/extracted_25fps/MGAFE0019041--AU.01_7625.jpg;Unknown
/Users/paolomoriello/Downloads/extracted_25fps/MGAFE0019041--AU.01_3325.jpg;Unknown
/Users/paolomoriello/Downloads/extracted_25fps/MGAFE0019041--AU.01_6275.jpg;Plan moyen
/Users/paolomoriello/Downloads/extracted_25fps/MGAFE0019041--AU.01_2775.jpg;Unknown
/Users/paolomoriello/Downloads/extracted_25fps/MGAFE0019041--AU.01_8700.jpg;Unknown
/Users/paolomoriello/Downloads/extracted_25fps/MGAFE0019041--AU.01_9350.jpg;Plan rapproche
/Users/paolomoriello/Downloads/extracted_25fps/MGAFE0019041--AU.01_13750.jpg;Plan moyen
/Users/paolomoriello/Downloads/extracted_25fps/MGAFE0019041--AU.01_12300.jpg;Plan moyen
/Users/paolomoriello/Downloads/extracted_25fps/MGAFE0019041--AU.01_5350.jpg;Unknown
/Users/paolomoriello/Downloads/extracted_25fps/MGAFE0019041--AU.01_1650.jpg;Unknown
/Users/paolomoriello/Downloads/extracted_25fps/MGAFE0019041--AU.01_4700.jpg;Unknown
/Users/paolomoriello/Downloads/extracted_25fps/MGAFE0019041--AU.01_250.jpg;Unknown
/Users/paolomoriello/Downloads/extracted_25fps/MGAFE0019041--AU.01_6300.jpg;Plan rapproche
/Users/paolomoriello/Downloads/extracted_25fps/MGAFE0019041--AU.01_2600.jpg;Unknown
/Users/paolomoriello/Downloads/extracted_25fps/MGAFE0019041--AU.01_7750.jpg;Plan moyen
/Users/paolomoriello/Downloads/extracted_25fps/MGAFE0019041--AU.01_3250.jpg;Unknown
/Users/paolomoriello/Downloads/extracted_25fps/MGAFE0019041--AU.01_14200.jpg;Plan moyen
/Users/paolomoriello/Downloads/extracted_25fps/MGAFE0019041--AU.01_10700.jpg;Plan rapproche
/Users/paolomoriello/Downloads/extracted_25fps/MGAFE0019041--AU.01_11350.jpg;Unknown
/Users/paolomoriello/Downloads/extracted_25fps/MGAFE0019041--AU.01_9225.jpg;Unknown
/Users/paolomoriello/Downloads/extracted_25fps/MGAFE0019041--AU.01_8675.jpg;Unknown
/Users/paolomoriello/Downloads/extracted_25fps/MGAFE0019041--AU.01_4675.jpg;Unknown
/Users/paolomoriello/Downloads/extracted_25fps/MGAFE0019041--AU.01_5225.jpg;Unknown
/Users/paolomoriello/Downloads/extracted_25fps/MGAFE0019041--AU.01_1725.jpg;Unknown
/Users/paolomoriello/Downloads/extracted_25fps/MGAFE0019041--AU.01_12275.jpg;Plan moyen
/Users/paolomoriello/Downloads/extracted_25fps/MGAFE0019041--AU.01_13625.jpg;Plan rapproche
/Users/paolomoriello/Downloads/extracted_25fps/MGAFE0019041--AU.01_325.jpg;Unknown
/Users/paolomoriello/Downloads/extracted_25fps/MGAFE0019041--AU.01_10175.jpg;Unknown
/Users/paolomoriello/Downloads/extracted_25fps/MGAFE0019041--AU.01_14475.jpg;Gros plan
/Users/paolomoriello/Downloads/extracted_25fps/MGAFE0019041--AU.01_11525.jpg;Unknown
/Users/paolomoriello/Downloads/extracted_25fps/MGAFE0019041--AU.01_9875.jpg;Unknown
/Users/paolomoriello/Downloads/extracted_25fps/MGAFE0019041--AU.01_2075.jpg;Unknown
/Users/paolomoriello/Downloads/extracted_25fps/MGAFE0019041--AU.01_6575.jpg;Unknown
/Users/paolomoriello/Downloads/extracted_25fps/MGAFE0019041--AU.01_3425.jpg;Unknown
/Users/paolomoriello/Downloads/extracted_25fps/MGAFE0019041--AU.01_7125.jpg;Unknown
/Users/paolomoriello/Downloads/extracted_25fps/MGAFE0019041--AU.01_3800.jpg;Unknown
/Users/paolomoriello/Downloads/extracted_25fps/MGAFE0019041--AU.01_6950.jpg;Unknown
/Users/paolomoriello/Downloads/extracted_25fps/MGAFE0019041--AU.01_11900.jpg;Plan moyen
/Users/paolomoriello/Downloads/extracted_25fps/MGAFE0019041--AU.01_9450.jpg;Unknown
/Users/paolomoriello/Downloads/extracted_25fps/MGAFE0019041--AU.01_8000.jpg;Plan moyen
/Users/paolomoriello/Downloads/extracted_25fps/MGAFE0019041--AU.01_12400.jpg;Plan moyen
/Users/paolomoriello/Downloads/extracted_25fps/MGAFE0019041--AU.01_13050.jpg;Unknown
/Users/paolomoriello/Downloads/extracted_25fps/MGAFE0019041--AU.01_4000.jpg;Unknown
/Users/paolomoriello/Downloads/extracted_25fps/MGAFE0019041--AU.01_1150.jpg;Plan moyen
/Users/paolomoriello/Downloads/extracted_25fps/MGAFE0019041--AU.01_5450.jpg;Unknown
/Users/paolomoriello/Downloads/extracted_25fps/MGAFE0019041--AU.01_975.jpg;Plan rapproche
/Users/paolomoriello/Downloads/extracted_25fps/MGAFE0019041--AU.01_5875.jpg;Unknown
/Users/paolomoriello/Downloads/extracted_25fps/MGAFE0019041--AU.01_550.jpg;Plan moyen
/Users/paolomoriello/Downloads/extracted_25fps/MGAFE0019041--AU.01_12825.jpg;Unknown
/Users/paolomoriello/Downloads/extracted_25fps/MGAFE0019041--AU.01_3550.jpg;Unknown
/Users/paolomoriello/Downloads/extracted_25fps/MGAFE0019041--AU.01_7050.jpg;Plan moyen
/Users/paolomoriello/Downloads/extracted_25fps/MGAFE0019041--AU.01_2100.jpg;Unknown
/Users/paolomoriello/Downloads/extracted_25fps/MGAFE0019041--AU.01_6400.jpg;Plan rapproche
/Users/paolomoriello/Downloads/extracted_25fps/MGAFE0019041--AU.01_9900.jpg;Unknown
/Users/paolomoriello/Downloads/extracted_25fps/MGAFE0019041--AU.01_11450.jpg;Plan moyen
/Users/paolomoriello/Downloads/extracted_25fps/MGAFE0019041--AU.01_10000.jpg;Unknown
/Users/paolomoriello/Downloads/extracted_25fps/MGAFE0019041--AU.01_14500.jpg;Gros plan
/Users/paolomoriello/Downloads/extracted_25fps/MGAFE0019041--AU.01_8175.jpg;Plan rapproche
/Users/paolomoriello/Downloads/extracted_25fps/MGAFE0019041--AU.01_9525.jpg;Unknown
/Users/paolomoriello/Downloads/extracted_25fps/MGAFE0019041--AU.01_11875.jpg;Unknown
/Users/paolomoriello/Downloads/extracted_25fps/MGAFE0019041--AU.01_6825.jpg;Unknown
/Users/paolomoriello/Downloads/extracted_25fps/MGAFE0019041--AU.01_3975.jpg;Unknown
/Users/paolomoriello/Downloads/extracted_25fps/MGAFE0019041--AU.01_50.jpg;Unknown
/Users/paolomoriello/Downloads/extracted_25fps/MGAFE0019041--AU.01_800.jpg;Unknown
/Users/paolomoriello/Downloads/extracted_25fps/MGAFE0019041--AU.01_1025.jpg;Plan moyen
/Users/paolomoriello/Downloads/extracted_25fps/MGAFE0019041--AU.01_5525.jpg;Unknown
/Users/paolomoriello/Downloads/extracted_25fps/MGAFE0019041--AU.01_4175.jpg;Unknown
/Users/paolomoriello/Downloads/extracted_25fps/MGAFE0019041--AU.01_13125.jpg;Unknown
/Users/paolomoriello/Downloads/extracted_25fps/MGAFE0019041--AU.01_12575.jpg;Gros plan
/Users/paolomoriello/Downloads/extracted_25fps/MGAFE0019041--AU.01_12950.jpg;Unknown
/Users/paolomoriello/Downloads/extracted_25fps/MGAFE0019041--AU.01_425.jpg;Unknown
/Users/paolomoriello/Downloads/extracted_25fps/MGAFE0019041--AU.01_5900.jpg;Unknown
/Users/paolomoriello/Downloads/extracted_25fps/MGAFE0019041--AU.01_12775.jpg;Unknown
/Users/paolomoriello/Downloads/extracted_25fps/MGAFE0019041--AU.01_13325.jpg;Plan moyen
/Users/paolomoriello/Downloads/extracted_25fps/MGAFE0019041--AU.01_4375.jpg;Unknown
/Users/paolomoriello/Downloads/extracted_25fps/MGAFE0019041--AU.01_1225.jpg;Plan moyen
/Users/paolomoriello/Downloads/extracted_25fps/MGAFE0019041--AU.01_5725.jpg;Unknown
/Users/paolomoriello/Downloads/extracted_25fps/MGAFE0019041--AU.01_625.jpg;Unknown
/Users/paolomoriello/Downloads/extracted_25fps/MGAFE0019041--AU.01_10200.jpg;Unknown
/Users/paolomoriello/Downloads/extracted_25fps/MGAFE0019041--AU.01_14700.jpg;Unknown
/Users/paolomoriello/Downloads/extracted_25fps/MGAFE0019041--AU.01_11650.jpg;Plan rapproche
/Users/paolomoriello/Downloads/extracted_25fps/MGAFE0019041--AU.01_2300.jpg;Unknown
/Users/paolomoriello/Downloads/extracted_25fps/MGAFE0019041--AU.01_6600.jpg;Plan moyen
/Users/paolomoriello/Downloads/extracted_25fps/MGAFE0019041--AU.01_3750.jpg;Unknown
/Users/paolomoriello/Downloads/extracted_25fps/MGAFE0019041--AU.01_7250.jpg;Plan moyen
/Users/paolomoriello/Downloads/extracted_25fps/MGAFE0019041--AU.01_9725.jpg;Gros plan
/Users/paolomoriello/Downloads/extracted_25fps/MGAFE0019041--AU.01_8375.jpg;Unknown
/Users/paolomoriello/Downloads/extracted_25fps/MGAFE0019041--AU.01_1350.jpg;Unknown
/Users/paolomoriello/Downloads/extracted_25fps/MGAFE0019041--AU.01_5650.jpg;Unknown
/Users/paolomoriello/Downloads/extracted_25fps/MGAFE0019041--AU.01_4200.jpg;Unknown
/Users/paolomoriello/Downloads/extracted_25fps/MGAFE0019041--AU.01_13250.jpg;Plan moyen
/Users/paolomoriello/Downloads/extracted_25fps/MGAFE0019041--AU.01_12600.jpg;Unknown
/Users/paolomoriello/Downloads/extracted_25fps/MGAFE0019041--AU.01_750.jpg;Unknown
/Users/paolomoriello/Downloads/extracted_25fps/MGAFE0019041--AU.01_3625.jpg;Unknown
/Users/paolomoriello/Downloads/extracted_25fps/MGAFE0019041--AU.01_7325.jpg;Plan moyen
/Users/paolomoriello/Downloads/extracted_25fps/MGAFE0019041--AU.01_2275.jpg;Unknown
/Users/paolomoriello/Downloads/extracted_25fps/MGAFE0019041--AU.01_6775.jpg;Unknown
/Users/paolomoriello/Downloads/extracted_25fps/MGAFE0019041--AU.01_11725.jpg;Gros plan
/Users/paolomoriello/Downloads/extracted_25fps/MGAFE0019041--AU.01_10375.jpg;Unknown
/Users/paolomoriello/Downloads/extracted_25fps/MGAFE0019041--AU.01_14675.jpg;Unknown
/Users/paolomoriello/Downloads/extracted_25fps/MGAFE0019041--AU.01_8200.jpg;Unknown
/Users/paolomoriello/Downloads/extracted_25fps/MGAFE0019041--AU.01_9650.jpg;Unknown
/Users/paolomoriello/Downloads/extracted_25fps/MGAFE0019041--AU.01_350.jpg;Unknown
/Users/paolomoriello/Downloads/extracted_25fps/MGAFE0019041--AU.01_13650.jpg;Plan moyen
/Users/paolomoriello/Downloads/extracted_25fps/MGAFE0019041--AU.01_12200.jpg;Unknown
/Users/paolomoriello/Downloads/extracted_25fps/MGAFE0019041--AU.01_1750.jpg;Unknown
/Users/paolomoriello/Downloads/extracted_25fps/MGAFE0019041--AU.01_5250.jpg;Unknown
/Users/paolomoriello/Downloads/extracted_25fps/MGAFE0019041--AU.01_4600.jpg;Unknown
/Users/paolomoriello/Downloads/extracted_25fps/MGAFE0019041--AU.01_0.jpg;Unknown
/Users/paolomoriello/Downloads/extracted_25fps/MGAFE0019041--AU.01_8600.jpg;Unknown
/Users/paolomoriello/Downloads/extracted_25fps/MGAFE0019041--AU.01_9250.jpg;Unknown
/Users/paolomoriello/Downloads/extracted_25fps/MGAFE0019041--AU.01_11325.jpg;Unknown
/Users/paolomoriello/Downloads/extracted_25fps/MGAFE0019041--AU.01_10775.jpg;Unknown
/Users/paolomoriello/Downloads/extracted_25fps/MGAFE0019041--AU.01_14275.jpg;Unknown
/Users/paolomoriello/Downloads/extracted_25fps/MGAFE0019041--AU.01_3225.jpg;Unknown
/Users/paolomoriello/Downloads/extracted_25fps/MGAFE0019041--AU.01_7725.jpg;Plan moyen
/Users/paolomoriello/Downloads/extracted_25fps/MGAFE0019041--AU.01_2675.jpg;Unknown
/Users/paolomoriello/Downloads/extracted_25fps/MGAFE0019041--AU.01_6375.jpg;Plan moyen
/Users/paolomoriello/Downloads/extracted_25fps/MGAFE0019041--AU.01_225.jpg;Unknown
/Users/paolomoriello/Downloads/extracted_25fps/MGAFE0019041--AU.01_4775.jpg;Unknown
/Users/paolomoriello/Downloads/extracted_25fps/MGAFE0019041--AU.01_1625.jpg;Unknown
/Users/paolomoriello/Downloads/extracted_25fps/MGAFE0019041--AU.01_5325.jpg;Unknown
/Users/paolomoriello/Downloads/extracted_25fps/MGAFE0019041--AU.01_12375.jpg;Plan moyen
/Users/paolomoriello/Downloads/extracted_25fps/MGAFE0019041--AU.01_13725.jpg;Plan moyen
/Users/paolomoriello/Downloads/extracted_25fps/MGAFE0019041--AU.01_9325.jpg;Plan rapproche
/Users/paolomoriello/Downloads/extracted_25fps/MGAFE0019041--AU.01_8775.jpg;Unknown
/Users/paolomoriello/Downloads/extracted_25fps/MGAFE0019041--AU.01_2700.jpg;Unknown
/Users/paolomoriello/Downloads/extracted_25fps/MGAFE0019041--AU.01_6200.jpg;Unknown
/Users/paolomoriello/Downloads/extracted_25fps/MGAFE0019041--AU.01_3350.jpg;Unknown
/Users/paolomoriello/Downloads/extracted_25fps/MGAFE0019041--AU.01_7650.jpg;Unknown
/Users/paolomoriello/Downloads/extracted_25fps/MGAFE0019041--AU.01_10600.jpg;Gros plan
/Users/paolomoriello/Downloads/extracted_25fps/MGAFE0019041--AU.01_14300.jpg;Gros plan
/Users/paolomoriello/Downloads/extracted_25fps/MGAFE0019041--AU.01_11250.jpg;Unknown
/Users/paolomoriello/Downloads/extracted_25fps/MGAFE0019041--AU.01_2925.jpg;Unknown
/Users/paolomoriello/Downloads/extracted_25fps/MGAFE0019041--AU.01_7875.jpg;Unknown
/Users/paolomoriello/Downloads/extracted_25fps/MGAFE0019041--AU.01_10825.jpg;Plan rapproche
/Users/paolomoriello/Downloads/extracted_25fps/MGAFE0019041--AU.01_8575.jpg;Unknown
/Users/paolomoriello/Downloads/extracted_25fps/MGAFE0019041--AU.01_9125.jpg;Unknown
/Users/paolomoriello/Downloads/extracted_25fps/MGAFE0019041--AU.01_11050.jpg;Unknown
/Users/paolomoriello/Downloads/extracted_25fps/MGAFE0019041--AU.01_10400.jpg;Plan rapproche
/Users/paolomoriello/Downloads/extracted_25fps/MGAFE0019041--AU.01_14100.jpg;Gros plan
/Users/paolomoriello/Downloads/extracted_25fps/MGAFE0019041--AU.01_8950.jpg;Unknown
/Users/paolomoriello/Downloads/extracted_25fps/MGAFE0019041--AU.01_3150.jpg;Unknown
/Users/paolomoriello/Downloads/extracted_25fps/MGAFE0019041--AU.01_7450.jpg;Unknown
/Users/paolomoriello/Downloads/extracted_25fps/MGAFE0019041--AU.01_2500.jpg;Unknown
/Users/paolomoriello/Downloads/extracted_25fps/MGAFE0019041--AU.01_6000.jpg;Unknown
/Users/paolomoriello/Downloads/extracted_25fps/MGAFE0019041--AU.01_4950.jpg;Unknown
/Users/paolomoriello/Downloads/extracted_25fps/MGAFE0019041--AU.01_1800.jpg;Unknown
/Users/paolomoriello/Downloads/extracted_25fps/MGAFE0019041--AU.01_13900.jpg;Gros plan
/Users/paolomoriello/Downloads/extracted_25fps/MGAFE0019041--AU.01_13525.jpg;Gros plan
/Users/paolomoriello/Downloads/extracted_25fps/MGAFE0019041--AU.01_12175.jpg;Unknown
/Users/paolomoriello/Downloads/extracted_25fps/MGAFE0019041--AU.01_1425.jpg;Unknown
/Users/paolomoriello/Downloads/extracted_25fps/MGAFE0019041--AU.01_5125.jpg;Unknown
/Users/paolomoriello/Downloads/extracted_25fps/MGAFE0019041--AU.01_4575.jpg;Unknown
/Users/paolomoriello/Downloads/extracted_25fps/MGAFE0019041--AU.01_9050.jpg;Unknown
/Users/paolomoriello/Downloads/extracted_25fps/MGAFE0019041--AU.01_8400.jpg;Unknown
/Users/paolomoriello/Downloads/extracted_25fps/MGAFE0019041--AU.01_10950.jpg;Plan moyen
/Users/paolomoriello/Downloads/extracted_25fps/MGAFE0019041--AU.01_7900.jpg;Unknown
/Users/paolomoriello/Downloads/extracted_25fps/MGAFE0019041--AU.01_2850.jpg;Unknown
/Users/paolomoriello/Downloads/extracted_25fps/MGAFE0019041--AU.01_2475.jpg;Unknown
/Users/paolomoriello/Downloads/extracted_25fps/MGAFE0019041--AU.01_6175.jpg;Unknown
/Users/paolomoriello/Downloads/extracted_25fps/MGAFE0019041--AU.01_3025.jpg;Unknown
/Users/paolomoriello/Downloads/extracted_25fps/MGAFE0019041--AU.01_7525.jpg;Unknown
/Users/paolomoriello/Downloads/extracted_25fps/MGAFE0019041--AU.01_8825.jpg;Unknown
/Users/paolomoriello/Downloads/extracted_25fps/MGAFE0019041--AU.01_10575.jpg;Gros plan
/Users/paolomoriello/Downloads/extracted_25fps/MGAFE0019041--AU.01_14075.jpg;Unknown
/Users/paolomoriello/Downloads/extracted_25fps/MGAFE0019041--AU.01_11125.jpg;Unknown
/Users/paolomoriello/Downloads/extracted_25fps/MGAFE0019041--AU.01_13875.jpg;Gros plan
/Users/paolomoriello/Downloads/extracted_25fps/MGAFE0019041--AU.01_1975.jpg;Unknown
/Users/paolomoriello/Downloads/extracted_25fps/MGAFE0019041--AU.01_150.jpg;Unknown
/Users/paolomoriello/Downloads/extracted_25fps/MGAFE0019041--AU.01_4825.jpg;Unknown
/Users/paolomoriello/Downloads/extracted_25fps/MGAFE0019041--AU.01_4400.jpg;Unknown
/Users/paolomoriello/Downloads/extracted_25fps/MGAFE0019041--AU.01_1550.jpg;Unknown
/Users/paolomoriello/Downloads/extracted_25fps/MGAFE0019041--AU.01_5050.jpg;Plan moyen
/Users/paolomoriello/Downloads/extracted_25fps/MGAFE0019041--AU.01_12000.jpg;Plan moyen
/Users/paolomoriello/Downloads/extracted_25fps/MGAFE0019041--AU.01_13450.jpg;Plan rapproche
